model,1m_prompt,1m_completion,date_released,reasoning_status,comment
claude-3-sonnet,3,15, 2024-03,not_reasoning,
claude-v3-5-sonnet-v1,3,15, 2024-07,not_reasoning,
claude-3-5-sonnet-v1,3,15, 2024-07,not_reasoning,
claude-v3-5-sonnet-v2,3,15, 2024-10,not_reasoning,
claude-3-5-sonnet-v2,3,15, 2024-10,not_reasoning,
anthropic.claude-3-7-sonnet-20250219-v1:0,3,15, 2025-02,not_reasoning,
claude-v3-7-sonnet-thinking,3,15, 2025-02,reasoning,
claude-3-7-sonnet_thinking_1024, 3, 15, 2025-02,reasoning,
claude-3-7-sonnet_thinking_5000, 3, 15, 2025-02,reasoning,
claude-3-7-sonnet_thinking_10000, 3, 15, 2025-02,reasoning,
claude-v3-haiku,0.25,1.25, 2024-03,not_reasoning,
claude-3-5-haiku,0.8,4, 2024-10,not_reasoning,
claude-v3-opus,15,75, 2024-03,not_reasoning,
claude-3-opus,15,75, 2024-03,not_reasoning,
anthropic.claude-v3-5-haiku, 0.8, 4, 2024-10,not_reasoning,
claude-v4-sonnet, 3, 15, 2025-05,not_reasoning,
claude-sonnet-4, 3, 15, 2025-05,not_reasoning,
claude-v4-sonnet-thinking_16000, 3, 15, 2025-05,reasoning,
claude-sonnet-4_thinking_16000, 3, 15, 2025-05,reasoning,
claude-sonnet-4-5_thinking_16000, 3, 15, 2025-09,reasoning,
claude-v4-opus, 15, 75, 2025-05,not_reasoning,
claude-opus-4, 15, 75, 2025-05,not_reasoning,
claude-v4-opus-thinking_16000, 15, 75, 2025-05,reasoning,
claude-opus-4-1, 15, 75, 2025-08,not_reasoning,
claude-opus-4-5, 5, 25, 2025-11,not_reasoning,
claude-opus-4-5-thinking_16000, 5, 25, 2025-11,reasoning,
claude-haiku-4-5_thinking_16000, 1, 5, 2025-10,reasoning,
claude-opus-4-6_thinking-high, 5, 25, 2026-02,reasoning,Anthropic official pricing for Claude Opus 4.6
claude-sonnet-4-6_thinking-high, 3, 15, 2026-02,reasoning,Anthropic official pricing for Claude Sonnet 4.6
deephermes-3-llama-3-8b-preview@q8, 0.40, 0.60, 2024-07,not_reasoning,Assuming AWS price for llama-3-instruct-8b
deepseek-V3.2_non-reasoning, 0.28, 0.42, 2025-12,not_reasoning,DeepSeek official API pricing for V3.2 cache-miss input
DeepSeek-V3.2-Speciale, 0.28, 0.42, 2025-12,reasoning,DeepSeek official release says same pricing as V3.2
deepseek-chat, 0.27, 1.10, 2024-12,not_reasoning,
deepseek-v3-0324,0.27, 1.10, 2024-12,not_reasoning,
deepseek-chat-0324, 0.27, 1.10, 2025-03,not_reasoning,
deepseek-reasoner, 0.55, 2.19, 2025-01,reasoning,
deepseek-r1,0.55, 2.19, 2025-01,reasoning,
deepseek-r1-distill-qwen-14b@q8_0, 0.05, 0.2, 2025-01,reasoning,Assuming Alibiba Qwen-Turbo price divided by 2
deepseek-r1-distill-qwen-32b@q4_k_m, 0.05,0.2, 2025-01,reasoning,Assuming Alibiba Qwen-Turbo price
gemini-1.5-flash-001, 0.07, 0.30, 2024-05,not_reasoning,
gemini-1.5-pro-preview, 3.50, 10.50, 2024-04,not_reasoning,Assumign price for gemini-1.5-pro
gemini-2.0-flash-001,0.10, 0.40, 2025-02,not_reasoning,
gemini-2.0-flash-exp,0.10, 0.40, 2024-12,not_reasoning,Assuming price for gemini-2.0-flash-001
gemini-2.0-flash-lite-001, 0.075, 0.30, 2025-02,not_reasoning,
gemini-2.0-flash-lite-preview, 0.075, 0.30, 2025-02,not_reasoning,Assuming price for gemini-2.0-flash-lite-001
gemini-2.0-flash-thinking-exp-01-21, 0.07, 0.30, 2025-01,reasoning,Assuming price for gemini-2.0-flash-001
gemini-2.0-flash-thinking-exp-1219, 0.07, 0.30, 2024-12,reasoning,Assuming price for gemini-2.0-flash-001
gemini-2.5-flash, 0.3, 2.5, 2025-06,reasoning,
gemini-2.5-pro-preview-03-25, 1.25, 10.00, 2025-04,reasoning,
gemini-2.5-pro-preview-05-06, 1.25, 10.00, 2025-05,reasoning,
gemini-2.5-pro, 1.25, 10.00, 2025-06,reasoning,
gemini-3-pro-preview, 2.0, 12.0, 2025-11, reasoning,
gemini-3-flash-preview, 0.3, 2.5, 2025-12, reasoning,
gemma-2-27b-it@q6_k_l, 0.27, 0.27, 2024-06,not_reasoning,Assuming Deepinfra price
gemma-2-9b-it-8bit, 0.03,0.06, 2024-06,not_reasoning,Assuming Deepinfra price
gemma2-9b-it, 0.2, 0.2, 2024-06,not_reasoning,Assuming Groq price
gpt-35-turbo-0125, 0.50, 1.50, 2024-01,not_reasoning,
gpt-35-turbo-0301, 0.50, 1.50, 2023-03,not_reasoning,
gpt-35-turbo-0613, 0.50, 1.50, 2023-06,not_reasoning,
gpt-35-turbo-1106, 0.50, 1.50, 2023-11,not_reasoning,
gpt-4, 30.00, 60.00, 2023-06,not_reasoning,
gpt-4-32k, 60.00, 120.00, 2023-06,not_reasoning,
gpt-4-turbo, 10, 30, 2024-04,not_reasoning,
gpt-4o-2024-05-13, 2.5, 10, 2024-05,not_reasoning,
gpt-4o-2024-08-06, 2.5, 10, 2024-08,not_reasoning,
gpt-4o-2024-11-20, 2.5, 10, 2024-11,not_reasoning,
gpt-4o-mini, 0.15, 0.60, 2024-07,not_reasoning,
gpt-4.5-preview, 75, 150, 2025-02,not_reasoning,
gpt-4.1-nano, 0.1, 0.4, 2025-04,not_reasoning,
gpt-4.1-mini, 0.4, 1.6, 2025-04,not_reasoning,
gpt-4.1, 2.0, 8.0, 2025-04,not_reasoning,
gpt-5-low, 1.25, 10.00, 2025-08,reasoning,
gpt-5-medium, 1.25, 10.00, 2025-08,reasoning,
gpt-5-high, 1.25, 10.00, 2025-08,reasoning,
gpt-5-codex-low, 1.25, 10.00, 2025-09,reasoning,
gpt-5-codex-medium, 1.25, 10.00, 2025-09,reasoning,
gpt-5-codex-high, 1.25, 10.00, 2025-09,reasoning,
gpt-5-mini-low, 0.25, 2.00, 2025-08,reasoning,
gpt-5-mini-medium, 0.25, 2.00, 2025-08,reasoning,
gpt-5-mini-high, 0.25, 2.00, 2025-08,reasoning,
gpt-5-nano-low, 0.05, 0.40, 2025-08,reasoning,
gpt-5-nano-medium, 0.05, 0.40, 2025-08,reasoning,
gpt-5-nano-high, 0.05, 0.40, 2025-08,reasoning,
gpt-5-chat, 1.25, 10.00, 2025-08,not_reasoning,
gpt-5.1-low, 1.25, 10.00, 2025-11,reasoning,
gpt-5.1-medium, 1.25, 10.00, 2025-11,reasoning,
gpt-5.1-high, 1.25, 10.00, 2025-11,reasoning,
gpt-5.1-chat, 1.25, 10.00, 2025-11,not_reasoning,
gpt-5.1-codex-low, 1.25, 10.00, 2025-11,reasoning,
gpt-5.1-codex-medium, 1.25, 10.00, 2025-11,reasoning,
gpt-5.1-codex-high, 1.25, 10.00, 2025-11,reasoning,
gpt-5.1-codex-mini-low, 0.25, 2.00, 2025-11,reasoning,
gpt-5.1-codex-mini-medium, 0.25, 2.00, 2025-11,reasoning,
gpt-5.1-codex-mini-high, 0.25, 2.00, 2025-11,reasoning,
gpt-5.2-chat, 1.75, 14.00, 2025-12,not_reasoning,
gpt-5.2-low, 1.75, 14.00, 2025-12,reasoning,
gpt-5.2-medium, 1.75, 14.00, 2025-12,reasoning,
gpt-5.2-high, 1.75, 14.00, 2025-12,reasoning,
gpt-5.3-codex-low, 1.75, 14.00, 2026-02,reasoning,OpenAI official pricing for GPT-5.3-Codex
gpt-5.3-codex-medium, 1.75, 14.00, 2026-02,reasoning,OpenAI official pricing for GPT-5.3-Codex
gpt-5.3-codex-high, 1.75, 14.00, 2026-02,reasoning,OpenAI official pricing for GPT-5.3-Codex
gpt-5.5-low, 5.00, 30.00, 2026-04,reasoning,OpenAI official pricing for GPT-5.5
gpt-5.5-medium, 5.00, 30.00, 2026-04,reasoning,OpenAI official pricing for GPT-5.5
gpt-5.5-high, 5.00, 30.00, 2026-04,reasoning,OpenAI official pricing for GPT-5.5
o1-preview, 16.5, 66, 2024-09,reasoning,Azure OpenAI (price is higher than from OpenAI)
o1-low, 15, 60, 2024-12,reasoning,
o1-medium, 15, 60, 2024-12,reasoning,
o1-high, 15, 60, 2024-12,reasoning,
o1-mini, 3.3, 13.2, 2024-09,reasoning,Azure OpenAI (price is higher than from OpenAI)
o3-mini-low, 1.1, 4.4, 2025-01,reasoning,
o3-mini-medium, 1.1, 4.4, 2025-01,reasoning,
o3-mini-high, 1.1, 4.4, 2025-01,reasoning,
o3-low, 10, 40, 2025-04,reasoning,
o3-medium, 10, 40, 2025-04,reasoning,
o3-high, 10, 40, 2025-04,reasoning,
o3, 10, 40, 2025-04,reasoning,
o4-mini, 1.1, 4.4, 2025-04,reasoning,
o4-mini-low, 1.1, 4.4, 2025-04,reasoning,
o4-mini-medium, 1.1, 4.4, 2025-04,reasoning,
o4-mini-high, 1.1, 4.4, 2025-04,reasoning,
o1-mini-low, 1.1, 4.4, 2025-04,reasoning,
o1-mini-medium, 1.1, 4.4, 2025-04,reasoning,
o1-mini-high, 1.1, 4.4, 2025-04,reasoning,
gpt-oss-120b, 0.15, 0.75, 2025-08,reasoning, Groq price
gpt-oss-20b, 0.1, 0.5, 2025-08,reasoning, Groq price
kimi-k2-instruct, 1, 3, 2025-07,not_reasoning, Groq price
qwen-3-235b-a22b-instruct-2507, 0.6, 1.2, 2025-07,not_reasoning, Cerebras price
llama-4-scout-17b-16e-instruct, 0.65, 0.85, 2025-04,not_reasoning, Cerebras price
llama-4-maverick-17b-128e-instruct, 0.2, 0.6, 2025-04,not_reasoning, Cerebras price
qwen3-30b-a3b-thinking@q4_k_m, 0.29, 0.59, 2025-07,reasoning, Assuming price for Qwen3 32B 131k at Groq
granite-3.1-8b-instruct, 0.20, 0.20, 2024-12,not_reasoning,Assuming price from IBM watsonx.ai
grok-2, 2, 10, 2024-08,not_reasoning,
internlm3-8b-instruct, 0.40, 0.60, 2025-01,not_reasoning,Assuming AWS price for llama-3-instruct-8b
google_gemma-3-12b-it@iq4_xs,,,2025-03,not_reasoning,Local quantized model
google_gemma-3-12b-it@q8_0,,,2025-03,not_reasoning,Local quantized model
google_gemma-3-27b-it@iq4_xs,,,2025-03,not_reasoning,Local quantized model 
llama-2-7b-chat,0.03,0.06,2023-06,not_reasoning, DeepInfra price for LLama 3
llama-3-70b-instruct-awq,0.23,0.4,2024-04,not_reasoning, DeepInfra price for LLama 3 70B
llama-3.1-tulu-3-8b@q8_0,0.03,0.06,2024-11,not_reasoning,  DeepInfra price for LLama 3
llama-3.3-70b,0.23,0.4,2024-12,not_reasoning, DeepInfra price
llama3-8b-8192,0.03,0.06,2024-04,not_reasoning, DeepInfra price 
llama3.1-8b,0.03,0.06,2024-07,not_reasoning, DeepInfra price
llama-4-scout-cerebras, 0.65, 0.85, 2025-04,not_reasoning, Cerebras price
qwen3-32b-cerebras, 0.4, 0.8, 2025-04,reasoning, Cerebras price
qwen3-next-80b-a3b,0.15,6.00,2025-09,not_reasoning,
minimax-m2,0.3,1.2,2025-10,not_reasoning, technicahlly it doesn't have reasoning section like other models and has smth called interleaved reasoning
ministral-8b-instruct,0.1,0.1,2024-10,not_reasoning,Assuming Mistral API pricing
mistral-nemo-12b-instruct,0.15,0.15,2024-07,not_reasoning,Assuming Mistral API pricing
ministral-3-14b-reasoning@q8,0.2,0.2,2025-12,reasoning,Assuming Mistral API pricing
mistral-small-24b-instruct@q4_k_m,,,2025-01,not_reasoning,Local quantized model 
mistral-small-instruct,0.03,0.06,2024-09,not_reasoning, DeepInfra price
mistral-large-3-675b-instruct,2.00,6.00,2025-12,not_reasoning,
nemotron-3-nano@q3_k_l,0.03,0.06,2025-12,not_reasoning, Assuming DeepInfra price for Misrtral Small
phi-4,0.05,0.1,2025-03,not_reasoning, DeepInfra price
qwen-max, 1.6, 6.4, 2025-01,not_reasoning, Alibaba Cloud price
qwen-plus, 0.4, 1.2, 2025-01,not_reasoning, Alibaba Cloud price
qwen-turbo, 0.05, 0.2, 2024-11,not_reasoning, Alibaba Cloud price
qwen2.5-14b-instruct-1m,0.79,0.79,2024-09,not_reasoning, Groq price
qwen2.5-14b-instruct@q8_0,0.79,0.79,2024-09,not_reasoning, Groq price
qwen2.5-72b-instruct,0.13,0.4,2024-09,not_reasoning, DeepInfra price
qwen2.5-7b-instruct-1m,0.01,0.03,2024-09,not_reasoning, Nebius Base price
qwq-32b,0.15,0.2,2025-03,reasoning, DeepInfra price
qwq-32b-preview@q4_k_m,0.15,0.2,2025-03,reasoning, DeepInfra price for QwQ 32B
sky-t1-32b-preview,0.15,0.2,2025-01,reasoning, DeepInfra price for QwQ 32B
mercury-coder-small, 0.25, 1, 2025-04,not_reasoning,
grok-3-mini-beta, 0.3, 0.5, 2025-02,not_reasoning,
grok-3-mini-fast-beta, 0.6, 4.0, 2025-02,not_reasoning,
grok-3-mini-low, 0.3, 0.5, 2025-02,reasoning,
grok-3-mini-high, 0.3, 0.5, 2025-02,reasoning,
grok-3-beta, 3, 15, 2025-02,not_reasoning,
grok-3-fast-beta, 5, 25, 2025-02,not_reasoning,
grok-4-fast-non-reasoning, 0.20, 0.50, 2025-07,not_reasoning,xAI official pricing
grok-4-fast-reasoning, 0.20, 0.50, 2025-07,reasoning,xAI official pricing
grok-4-1-fast-non-reasoning, 0.20, 0.50, 2025-11,not_reasoning,xAI official pricing
grok-4-1-fast-reasoning, 0.20, 0.50, 2025-11,reasoning,xAI official pricing
k2-think@iq4_xs,0.15,0.2,2025-09,reasoning, Assuming Deepinfra price for Qwen3 32B
kimi-k2.5, 0.60, 2.50, 2026-01,reasoning,Closest public pricing found was Azure Kimi K2 Thinking Global
glm-4.7-flash@q4,0.05,0.1,2026-01,reasoning, Assuming DeepInfra price for Qwen3 32B
lvl-1_vs_3x-o4-mini-2025-04-16-low_o4-mini-2025-04-16-medium, 1.1, 4.4, 2025-04,unknown,
lvl-1_vs_5x-o4-mini-2025-04-16-low_o4-mini-2025-04-16-medium, 1.1, 4.4, 2025-04,unknown,
lvl-1_vs_7x-o4-mini-2025-04-16-low_o4-mini-2025-04-16-medium, 1.1, 4.4, 2025-04,unknown,
lvl-1_vs_claude-3-7-sonnet-20250219-thinking-budget-10000, 3, 15, 2025-02,unknown,
lvl-1_vs_claude-3-7-sonnet-20250219-thinking-budget-5000, 3, 15, 2025-02,unknown,
lvl-1_vs_gemini-25pro-t03_mini41-t00_mini41-t03, 0.3, 0.5, 2025-02,unknown,
lvl-1_vs_grok-3-mini-beta-high, 0.3, 0.5, 2025-02,unknown,
lvl-1_vs_o3-2025-04-16-low, 10, 40, 2025-04,unknown,
lvl-1_vs_o3-mini-2025-01-31-high, 1.1, 4.4, 2025-01,unknown,
lvl-1_vs_o3-mini-2025-01-31-low, 1.1, 4.4, 2025-01,unknown,
lvl-1_vs_o3-mini-2025-01-31-medium, 1.1, 4.4, 2025-01,unknown,
lvl-1_vs_o4-mini-2025-04-16-high, 1.1, 4.4, 2025-04,unknown,
lvl-1_vs_o4-mini-2025-04-16-low, 1.1, 4.4, 2025-04,unknown,
lvl-1_vs_o4-mini-2025-04-16-medium, 1.1, 4.4, 2025-04,unknown,
lvl-10_vs_o3-2025-04-16-low, 10, 40, 2025-04,unknown,
lvl-10_vs_o3-2025-04-16-medium_timeout-60m, 10, 40, 2025-04,unknown,
lvl-2_vs_grok-3-mini-beta-high, 0.3, 0.5, 2025-02,unknown,
lvl-2_vs_o3-2025-04-16-low, 10, 40, 2025-04,unknown,
lvl-2_vs_o3-mini-2025-01-31-high, 1.1, 4.4, 2025-01,unknown,
lvl-2_vs_o4-mini-2025-04-16-high, 1.1, 4.4, 2025-04,unknown,
lvl-2_vs_o4-mini-2025-04-16-high_timeout-20m, 1.1, 4.4, 2025-04,unknown,
lvl-2_vs_o4-mini-2025-04-16-high_timeout-60m, 1.1, 4.4, 2025-04,unknown,
lvl-3_vs_grok-3-mini-beta-high, 0.3, 0.5, 2025-02,unknown,
lvl-3_vs_o3-2025-04-16-low, 10, 40, 2025-04,unknown,
lvl-4_vs_grok-3-mini-beta-high, 0.3, 0.5, 2025-02,unknown,
lvl-4_vs_grok-3-mini-fast-beta-high, 0.6, 4.0, 2025-02,unknown,
lvl-4_vs_o3-2025-04-16-low, 10, 40, 2025-04,unknown,
lvl-5_vs_grok-3-mini-beta-high, 0.3, 0.5, 2025-02,unknown,
lvl-5_vs_grok-3-mini-fast-beta-high, 0.6, 4.0, 2025-02,unknown,
lvl-5_vs_o3-2025-04-16-low, 10, 40, 2025-04,unknown,
ring-mini-2.0@q8_0,,,2025-08,reasoning,Local quantized model
gpt-oss-20b-high, 0.1, 0.5, 2025-08,reasoning, Groq price
gpt-oss-120b-low, 0.15, 0.75, 2025-08,reasoning, Groq price
qwen3-4b-thinking@q8,0.05,0.2,2025-07,reasoning,Assuming low price for small local model
gpt-oss-120b-medium, 0.15, 0.75, 2025-08,reasoning, Groq price
gpt-oss-20b-medium, 0.1, 0.5, 2025-08,reasoning, Groq price
gpt-oss-20b-low, 0.1, 0.5, 2025-08,reasoning, Groq price
claude-sonnet-4-5, 3, 15, 2025-09,not_reasoning,
gpt-oss-120b-high, 0.15, 0.75, 2025-08,reasoning, Groq price
claude-haiku-4-5, 1, 5, 2025-10,not_reasoning,
claude-3-7-sonnet, 3, 15, 2025-02,not_reasoning,
gemma-3-4b-it@iq4_qs,0.03,0.06,2025-03,not_reasoning,Local quantized model
magistral-small, 0.1, 0.3, 2025-06,not_reasoning,Assuming Mistral Small pricing
claude-3-5-sonnet, 3, 15, 2024-07,not_reasoning,
gemma-3-4b-it@iq4_qs@PGN,,,2025-03,not_reasoning,Local quantized model
claude-3-7-sonnet_thinking_2048, 3, 15, 2025-02,reasoning,
grok-3-mini-beta-high, 0.3, 0.5, 2025-02,reasoning,
claude-opus-4_thinking_16000, 15, 75, 2025-05,reasoning,
o4-mini-low@PGN, 1.1, 4.4, 2025-04,reasoning,
qwen3-14b@iq4_xs-thinking,0.1,0.2,2025-04,reasoning,Assuming low price for local quantized model
google_gemma-3-4b-it@bf16,,,2025-03,not_reasoning,Local bf16 model
grok-3-mini-beta-low, 0.3, 0.5, 2025-02,reasoning,
claude-2, 8, 24, 2023-07,not_reasoning,
google_gemma-3-4b-it@q8_0,,,2025-03,not_reasoning,Local quantized model
non-deepseek-r1-t03_mini41-t10_mini41-t03,0.55, 2.19,2025-01,unknown,Custom ensemble configuration
claude-2-1, 8, 24, 2023-11,not_reasoning,
non-gemini-25pro-t03_mini41-t00_mini41-t03,0.3, 0.5,2025-04,unknown,Custom ensemble configuration
qwen-3-32b, 0.4, 0.8, 2025-04,reasoning,Assuming Cerebras price for Qwen3 32B
claude-3-haiku, 0.25, 1.25, 2024-03,not_reasoning,
amazon.nova-lite-v1, 0.06, 0.24, 2024-12,not_reasoning,AWS Bedrock price
deepseek-v3, 0.27, 1.10, 2024-12,not_reasoning,Same as deepseek-chat
deepseek-r1-distill-qwen-32b@q4_k_m|isol_temp06, 0.05, 0.2, 2025-01,reasoning,Assuming Alibaba Qwen-Turbo price
amazon.nova-pro-v1, 0.8, 3.2, 2024-12,not_reasoning,AWS Bedrock price
chat-bison-32k@002,0.5,0.5,2023-10,not_reasoning,Google PaLM deprecated model
qwen2.5-7b-chess-mmxl@f16,0.01,0.03,2025-06,not_reasoning, Nebius Base price
claude-opus-4-6, 5, 25, 2026-02,not_reasoning,Anthropic official pricing for Claude Opus 4.6
claude-sonnet-4-6, 3, 15, 2026-02,not_reasoning,Anthropic official pricing for Claude Sonnet 4.6
cursor_cli_composer_2, 0.50, 2.50, 2026-03,reasoning,Cursor Composer 2 Standard tier (built on Kimi K2.5)
deepseek-r1-0528, 0.55, 2.19, 2025-05,reasoning,DeepSeek official pricing; same as deepseek-reasoner
gemini-3.1-flash-lite-preview, 0.25, 1.50, 2026-03,reasoning,Google official pricing
gemini-3.1-pro-preview, 2.00, 12.00, 2026-02,reasoning,Google official pricing (<=200K context tier)
gpt-5.4-high, 2.50, 15.00, 2026-03,reasoning,OpenAI official pricing for GPT-5.4
gpt-5.4-low, 2.50, 15.00, 2026-03,reasoning,OpenAI official pricing for GPT-5.4
gpt-5.4-medium, 2.50, 15.00, 2026-03,reasoning,OpenAI official pricing for GPT-5.4
gpt-5.4-mini-high, 0.75, 4.50, 2026-03,reasoning,OpenAI official pricing for GPT-5.4 mini
gpt-5.4-mini-low, 0.75, 4.50, 2026-03,reasoning,OpenAI official pricing for GPT-5.4 mini
gpt-5.4-mini-medium, 0.75, 4.50, 2026-03,reasoning,OpenAI official pricing for GPT-5.4 mini
gpt-5.4-nano-high, 0.20, 1.25, 2026-03,reasoning,OpenAI official pricing for GPT-5.4 nano
grok-4-20-non-reasoning, 2.00, 6.00, 2026-03,not_reasoning,xAI official pricing
grok-4-20-reasoning, 2.00, 6.00, 2026-03,reasoning,xAI official pricing
minimax.minimax-m2.1, 0.3, 1.2, 2025-12,not_reasoning,MiniMax official pay-as-you-go pricing (platform.minimax.io); interleaved thinking (same convention as minimax-m2)
minimax.minimax-m2.5, 0.3, 1.2, 2026-02,not_reasoning,MiniMax official pay-as-you-go pricing (platform.minimax.io); interleaved thinking
qwen3.5-9b@q8_0,,,2026-03,not_reasoning,Local quantized model
zai.glm-5, 1.00, 3.20, 2026-02,reasoning,Z.ai official pricing (thinking mode on by default)
amazon.nova-premier, 2.50, 12.50, 2025-10,reasoning,AWS Bedrock public price list for Amazon Nova Premier
claude-opus-4-7@default, 5, 25, 2026-04,unknown,Anthropic official pricing; default adaptive-thinking behavior ambiguous in Google Cloud logs
claude-opus-4-7_adaptive-thinking-high, 5, 25, 2026-04,reasoning,Anthropic official pricing for Claude Opus 4.7 adaptive thinking
meta.llama4-scout-17b-instruct-v1:0, 0.17, 0.66, 2025-04,not_reasoning,AWS Bedrock public price list for Meta Llama 4 Scout 17B
qwen3.6-27b, 0.29, 3.20, 2026-04,reasoning,OpenRouter headline pricing for qwen/qwen3.6-27b (May 2026); Alibaba Bailian list $0.42/$2.52
qwen3.6-27b@q4_k_s, 0.29, 3.20, 2026-04,reasoning,Local quantized; API-equivalent from OpenRouter qwen/qwen3.6-27b ($0.29/$3.20 per 1M)
qwen3.6-35b-a3b, 0.14, 1.00, 2026-04,reasoning,OpenRouter headline pricing for qwen/qwen3.6-35b-a3b (May 2026); Alibaba Bailian list $0.26/$1.56
DeepSeek-R1-Distill-Llama-70B-FP8, 0.23, 0.4, 2024-01,reasoning, DeepInfra price for LLama 3 70B
anthropic.claude-opus-4-20250514-v1:0, 3, 15, 2025-05,not_reasoning,
anthropic.claude-sonnet-4-20250514-v1:0-with-thinking, 3, 15, 2025-05,reasoning,
claude-3-7-sonnet-20250219,3,15, 2025-02,not_reasoning,
claude-opus-4-20250514-thinking16000, 15, 75, 2025-05,reasoning,
claude-opus-4@20250514, 15, 75, 2025-05,not_reasoning,
claude-sonnet-3.7-20250219-4k,3,15, 2025-02,not_reasoning,
claude-sonnet-4@20250514, 3, 15, 2025-05,not_reasoning,
claude-v3-5-haiku, 0.8, 4, 2024-10,not_reasoning,
claude-v3-7-sonnet-thinking16000,3,15, 2025-05,reasoning,
codestral-mamba-2407, 0.25 , 0.25, 2024-07,not_reasoning,
deepseek-r1-4k, 0.55, 2.19, 2025-05,reasoning,
gemini-1.5-pro-preview-0409, 3.50, 10.50, 2024-04,not_reasoning,Assumign price for gemini-1.5-pro
gemini-2.0-flash-lite-preview-02-05, 0.075, 0.30, 2025-02,not_reasoning,Assuming price for gemini-2.0-flash-lite-001
gemini-2.5-flash-preview-04-17, 0.15, 0.60, 2025-03,not_reasoning,
gemini-2.5-flash-preview-04-17-thinking, 0.15, 3.50, 2025-04,reasoning,
gemini/gemini-2.5-flash-preview-04-17, 0.15, 0.60, 2025-03,not_reasoning,
gemini/gemini-2.5-flash-preview-04-17-thinking, 0.15, 3.50, 2025-04,reasoning,
gemini/gemini-2.5-pro-preview-05-06, 1.25, 10.0, 2025-05,not_reasoning,
gpt-4-0613, 30.00, 60.00, 2023-06,not_reasoning,
gpt-4-32k-0613, 60.00, 120.00, 2023-06,not_reasoning,
gpt-4-turbo-2024-04-09, 10, 30, 2024-04,not_reasoning,
gpt-4.1-2025-04-14, 2.9, 8.0, 2025-04,not_reasoning,
gpt-4.1-2025-04-14-4k, 2.9, 8.0, 2025-04,not_reasoning,
gpt-4.1-mini-2025-04-14, 0.4, 1.6, 2025-04,not_reasoning,
gpt-4.1-nano-2025-04-14, 0.1, 0.4, 2025-04,not_reasoning,
gpt-4.5-preview-2025-02-27, 75, 150, 2025-02,not_reasoning,
gpt-4o-mini-2024-07-18, 0.15, 0.60, 2024-07,not_reasoning,
grok-2-1212, 2, 10, 2024-08,not_reasoning,
magistral-medium-2506, 0.4, 2, 2025-06,not_reasoning, Using same price as mistral-medium-2505
magistral-small-2506, 0.5, 1.5, 2025-06,not_reasoning,
ministral-8b-instruct-2410,,,2024-10,not_reasoning, 
mistral-medium-2505, 0.4, 2, 2025-05,not_reasoning,
mistral-nemo-12b-instruct-2407,,,2024-07,not_reasoning, 
mistral-small-24b-instruct-2501@q4_k_m,,,,not_reasoning, 
mistral-small-instruct-2409,0.03,0.06,2024-09,not_reasoning, DeepInfra price
o1-2024-12-17-high, 15, 60, 2024-12,reasoning,
o1-2024-12-17-low, 15, 60, 2024-12,reasoning,
o1-2024-12-17-medium, 15, 60, 2024-12,reasoning,
o1-mini-2024-09-12, 3.3, 13.2, 2024-09,reasoning, Azure OpenAI (price is higher than from OpenAI)
o1-preview-2024-09-12, 16.5, 66, 2024-09,reasoning,Azure OpenAI (price is higher than from OpenAI)
o3-2025-04-16-low, 10, 40, 2025-04,reasoning,
o3-2025-04-16-medium, 10, 40, 2025-04,reasoning,
o3-mini-2025-01-31-high, 1.1, 4.4, 2025-01,reasoning,
o3-mini-2025-01-31-low, 1.1, 4.4, 2025-01,reasoning,
o3-mini-2025-01-31-medium, 1.1, 4.4, 2025-01,reasoning,
o4-mini-2025-04-16, 1.1, 4.4, 2025-04,reasoning,
o4-mini-2025-04-16-high, 1.1, 4.4, 2025-04,reasoning,
o4-mini-2025-04-16-low, 1.1, 4.4, 2025-04,reasoning,
o4-mini-2025-04-16-medium-1k, 1.1, 4.4, 2025-04,reasoning,
o4-mini-2025-04-16-medium-2k, 1.1, 4.4, 2025-04,reasoning,
o4-mini-2025-04-16-medium-4k, 1.1, 4.4, 2025-04,reasoning,
qwen-max-2025-01-25, 1.6, 6.4, 2025-01,not_reasoning, Alibaba Cloud price
qwen-plus-2025-01-25, 0.4, 1.2, 2025-01,not_reasoning, Alibaba Cloud price
qwen-turbo-2024-11-01, 0.05, 0.2, 2024-11,not_reasoning, Alibaba Cloud price
qwen3-32b@cerebras, 0.4, 0.8, 2025-05,reasoning,
qwen3-32b@cerebras-thinking, 0.4, 0.8, 2025-05,reasoning,
xai/grok-3-mini-beta, 0.3, 0.5, 2025-02,not_reasoning,
qwen3.6-35b-a3b@q4_k_m, 0.14, 1.00, 2026-04,reasoning,Local quantized; API-equivalent from OpenRouter qwen/qwen3.6-35b-a3b ($0.14/$1.00 per 1M)
